{"(Train) loss": 0.17608477175235748, "accuracy": 0.5481049562682215, "precision": 0.5384615659713745, "recall": 0.6918604373931885, "f1": 0.6055979711548524, "_runtime": 138, "_timestamp": 1638319796, "_step": 8}