{"(Train) loss": 0.17608477175235748, "(Dev) accuracy": 0.5481049562682215, "(Dev) precision": 0.5384615659713745, "(Dev) recall": 0.6918604373931885, "(Dev) f1": 0.6055979711548524, "_runtime": 164, "_timestamp": 1638320618, "_step": 9, "(Train) batch acc": 0.2, "(Test) accuracy": 0.5481049562682215, "(Test) precision": 0.5384615659713745, "(Test) recall": 0.6918604373931885, "(Test) f1": 0.6055979711548524}