{"(Train) loss": 0.17608477175235748, "(Dev) accuracy": 0.5481049562682215, "(Dev) precision": 0.5384615659713745, "(Dev) recall": 0.6918604373931885, "(Dev) f1": 0.6055979711548524, "_runtime": 162, "_timestamp": 1638320280, "_step": 8}